post_id,post_date,is_published,email_sent_at,inbox_sent_at,type,audience,title,subtitle,podcast_url
158670890.when-four-ais-collide-8b9,2025-03-10T00:22:38.094Z,true,,,newsletter,everyone,When Four AIs Collide,Discovering the Best in Biased Models - ai.v.3,
158670367.when-four-ais-collide,2025-03-09T12:13:33.981Z,true,,,newsletter,everyone,When Four AIs Collide,Discovering the Best in Biased Models - ai.v.2,
158666811.blending-ai-perspectives,2025-03-08T21:06:33.963Z,true,,,newsletter,everyone,Blending AI Perspectives,"Distinct Biases from ChatGPT, Claude & Gemini - ai.v.1",
158180394.hybrid-report-on-research-and-learnings,2025-03-01T17:16:32.948Z,true,,,newsletter,everyone,Hybrid Report on Research and Learnings,A Comparative Analysis Across Modern Language Models,
157852497.template,,false,,,newsletter,everyone,,,
157850451.the-impact-of-role-specifications,2025-02-25T16:02:44.772Z,true,,,newsletter,everyone,The Impact of Role Specifications in AI Prompt Engineering,A Comparative Analysis Across Modern Language Models,
157731180.ai-trials-january-pt-3,2024-01-31T16:00:34.000Z,true,,,newsletter,everyone,AI Trials: January Pt 3,Historian Roles on History,
157731179.ai-trials-january-pt-4,2024-01-31T16:01:04.000Z,true,,,newsletter,everyone,AI Trials: January Pt 4,Historian Roles on History,
157717818.ai-trials-february-pt-1,2024-02-13T03:00:28.000Z,true,,,newsletter,everyone,AI Trials: February Pt 1,Leveling the Playing Field ,
157710819.ai-trials-february-pt-2,2024-02-14T15:01:54.000Z,true,,,newsletter,everyone,AI Trials: February Pt 2,Leveling the Playing Field ,
157710817.ai-trials-february-pt-3,2024-02-16T15:02:22.000Z,true,,,newsletter,everyone,AI Trials: February Pt 3,Leveling the Playing Field ,
157710816.ai-trials-february-pt-4,2024-02-19T15:01:18.000Z,true,,,newsletter,everyone,AI Trials: February Pt 4,Leveling the Playing Field ,
157710814.ai-trials-february-pt-5,2024-02-21T15:01:20.000Z,true,,,newsletter,everyone,AI Trials: February Pt 5,Leveling the Playing Field ,
157710813.ai-trials-february-pt-6,2024-02-23T15:00:27.000Z,true,,,newsletter,everyone,AI Trials: February Pt 6,Leveling the Playing Field ,
157705387.ai-trials-february-pt-7,2024-02-25T16:00:11.000Z,true,,,newsletter,everyone,AI Trials: February Pt 7,Leveling the Playing Field ,
157705386.ai-trials-february-pt-8,2024-02-27T15:01:41.000Z,true,,,newsletter,everyone,AI Trials: February Pt 8,Leveling the Playing Field ,
157705382.spring-equinox-images,2024-03-15T02:39:41.000Z,true,,,newsletter,everyone,Spring Equinox Image Gallery,Unveiling the Perils Within Beauty,
157705381.ai-trials-march-pt-1,2024-03-24T14:01:56.000Z,true,,,newsletter,everyone,AI Trials: March Pt 1,Unveiling the Perils Within Beauty,
157658741.ai-trials-mar-pt-2,2024-03-25T14:03:22.000Z,true,,,newsletter,everyone,AI Trials: Mar Pt 2,Unveiling the Perils Within Beauty,
157658737.holi-image-gallery,2024-03-25T14:03:39.000Z,true,,,newsletter,everyone,Holi Image Gallery,Unveiling the Perils Within Beauty,
157658734.april-1st-pranks-galore-by-anonymous,2024-04-01T13:01:57.000Z,true,,,newsletter,everyone,April 1st Pranks Galore ~ by Anonymous AI,Baselines and Benchmarks,
157658733.unveiling-april-fools-by-anonymous,2024-04-01T13:01:58.000Z,true,,,newsletter,everyone,Unveiling April Fools ~ by Anonymous AI,Baselines and Benchmarks,
157658732.ai-trials-april-pt-1,2024-04-01T13:30:25.000Z,true,,,newsletter,everyone,AI Trials: April Pt 1,Baselines and Benchmarks,
157641094.ai-trials-april-pt-2,2024-04-09T14:20:43.000Z,true,,,newsletter,everyone,AI Trials: April Pt 2,Baselines and Benchmarks,
157641093.ai-trials-april-pt-2-d76,2024-04-15T14:02:31.000Z,true,,,newsletter,everyone,AI Trials: April Pt 2+,Baselines and Benchmarks,
157641091.ai-trials-may-pt-1,2024-05-04T19:43:01.000Z,true,,,newsletter,everyone,AI Trials: May Pt 1,Style Simulations,
157641089.ai-trials-golden-week-gallery,2024-05-07T15:15:20.000Z,true,,,newsletter,everyone,AI Trials: Golden Week Gallery,Golden Week Images,
157641088.ai-trials-may-pt-2,2024-05-12T01:56:31.000Z,true,,,newsletter,everyone,AI Trials: May Pt 2,Style Simulations,
157641084.ai-trials-may-pt-3,2024-05-27T01:17:41.000Z,true,,,newsletter,everyone,AI Trials: May Pt 3,Style Simulations,
157641082.ai-trials-june-pt-1,2024-06-12T15:01:03.000Z,true,,,newsletter,everyone,AI Trials: June Pt 1,Mock Human,
157592099.ai-trials-june-pt-2,2024-06-17T19:00:26.000Z,true,,,newsletter,everyone,AI Trials: June Pt 2,Mock Human,
157592098.ai-trials-june-pt-3,2024-06-18T05:01:05.000Z,true,,,newsletter,everyone,AI Trials: June Pt 3,Mock Human,
157592092.ai-trials-july-pt-1,2024-07-17T15:02:05.000Z,true,,,newsletter,everyone,AI Trials: July Pt 1,Most Experienced Professional,
157585928.ai-trials-july-pt-2,2024-07-26T15:01:02.000Z,true,,,newsletter,everyone,AI Trials: July Pt 2,Most Experienced Professional,
157585925.ai-trials-month-pt-1,2024-08-15T19:10:58.000Z,true,,,newsletter,everyone,AI Trials: August Pt 1,Structured Instructions,
157585924.ai-trials-august-pt-2,2024-08-21T14:01:24.000Z,true,,,newsletter,everyone,AI Trials: August Pt 2,Structured Instructions,
157585923.ai-trials-august-pt-3,2024-08-27T14:40:55.000Z,true,,,newsletter,everyone,AI Trials: August Pt 3,Structured Instructions,
157585919.ai-trials-sept-pt-1,2024-09-02T15:00:44.000Z,true,,,newsletter,everyone,AI Trials: Sept Pt 1,Multi-Methodologies,
157585918.ai-trials-sept-pt-2,2024-09-14T12:19:02.000Z,true,,,newsletter,everyone,AI Trials: Sept Pt 2,Multi-Methodologies,
157585917.ai-trials-sept-pt-3,2024-09-21T14:01:57.000Z,true,,,newsletter,everyone,AI Trials: Sept Pt 3,Multi-Methodologies,
157585916.ai-trials-sept-pt-4,2024-09-28T15:02:10.000Z,true,,,newsletter,everyone,AI Trials: Sept Pt 4,Multi-Methodologies,
157585912.ai-trials-october-pt-1,2024-10-13T14:03:01.000Z,true,,,newsletter,everyone,AI Trials: October Pt 1,Measuring Sound,
157577787.ai-trials-october-pt-2,2024-10-26T14:01:36.000Z,true,,,newsletter,everyone,AI Trials: October Pt 2,Measuring Sound,
157577775.ai-trials-october-pt-3,2024-11-11T15:02:17.000Z,true,,,newsletter,everyone,AI Trials: October Pt 3,Measuring Sound,
157553214.ai-trials-november-pt-1,2024-11-14T16:01:50.000Z,true,,,newsletter,everyone,AI Trials: November Pt 1,Self ReAlization,
157553212.ai-trials-november-pt-2,2024-11-25T15:02:31.000Z,true,,,newsletter,everyone,AI Trials: November Pt 2,Self ReAlization,
157553211.ai-trials-november-pt-3,2024-11-29T15:02:31.000Z,true,,,newsletter,everyone,AI Trials: November Pt 3,Self ReAlization,
156274117.coming-soon,2025-02-02T00:29:30.277Z,true,2025-02-02T00:29:30.277Z,2025-02-02T00:29:30.277Z,newsletter,everyone,Coming soon,,
156274116.how-to-use-the-substack-editor,,false,,,newsletter,everyone,,,
